{
  "common": [

  ],
  "string": [
    "",
    "\\0",
    "randomString",
    "one space"
  ],
  "number": [
    -1,
    0,
    1,
    1.1,
    -2147483648,
    2147483648,
    4294967296,
    9223372036854775808,
    -9223372036854775808,
    18446744073709551616,
    340282346638528860000000000000000000000.000001,
    -340282346638528860000000000000000000000000001,
    179769313486231570000000000000000000000000000000000000000000000000000000000000000000000000000000000000000000000000000000000000000000000000000000000000000000000000000000000000000000000000000000000000000000000000000000000000000000000000000000000000000000000000000000000000000000000000000000000000000000000000000.000001,
    -179769313486231570000000000000000000000000000000000000000000000000000000000000000000000000000000000000000000000000000000000000000000000000000000000000000000000000000000000000000000000000000000000000000000000000000000000000000000000000000000000000000000000000000000000000000000000000000000000000000000000000000.000001
  ],
  "integer": [

    18446744073709551616
  ],
  "boolean": [
    true,
    false
  ],
  "int32": [
    -1,
    0,
    1,
    2147483647
  ],
  "int64": [
    214748364700
  ],
  "double": [
    1.1,
    1.2
  ],
  "float": [
    1.232
  ],
  "byte": [
    "F"
  ],
  "binary": [
    "01010101"
  ]
}